{
 "gate": "relay-gateL",
 "stage": "2-smoke",
 "ok": true,
 "anchor": {
  "seed": 0,
  "got": 0.9814697252519144,
  "ref": 0.98147,
  "diff": 2.7474808550476126e-07,
  "digit6_ok": true,
  "esp_ok": true
 },
 "coherent_SUB_seed0": {
  "band": "SUB",
  "band_hz": [
   0.2,
   0.9
  ],
  "seed": 0,
  "K": 0.24,
  "seeds": {
   "build": 0,
   "enc": 5000,
   "rep": 9000,
   "msg": 1000,
   "rademacher": 1777,
   "decoy_base": 600000
  },
  "r2": {
   "FULL": 0.999999999994139,
   "SQ": -0.0031165143377578364,
   "LIN": 0.9999999999927247
  },
  "decoy_p95": {
   "FULL": 0.0024859003534352907,
   "SQ": 0.058295090343134,
   "LIN": 0.04239059093965903
  },
  "esp_ok": true,
  "esp": {
   "d_slow": 2.065398769882139e-06,
   "ok_slow": true
  },
  "reach": {
   "lin": 1.0,
   "quad": -0.005262581315956162,
   "per_lag": {
    "0": 1.0,
    "32": 0.3657073995002732,
    "64": 0.5942069458816047,
    "96": 0.5778758891833721
   }
  },
  "amp": {
   "a": 2.1717883204413684,
   "mean_inj": 0.5312203936180814,
   "var_inj": 0.028156570847171027,
   "e_u2": 0.13280509840452034,
   "target": 0.13280509840452034,
   "pm_resid": 0.0,
   "pm_rel": 0.0,
   "dc_frac": 0.9092752741690935
  },
  "msg_dominant_band": [
   0.26664791864397397,
   0.49996484745745123
  ]
 },
 "ladder_SUB_rung_a": {
  "band": "SUB",
  "rung": "a",
  "P_a": 1.7372770816915128,
  "chance": 3.0048699601752804e-07,
  "ratio": 5781538.318517364,
  "P_slow_a": 0.031495440751612994,
  "complete": true,
  "note": "smoke = completion + values only; the monotone+10x GATE is evaluated at battery"
 },
 "wall_clock_s": 40.21452689502621,
 "hashes": {
  "code": "7d2cb9b15c2c",
  "spec": "8526ab9d2b25"
 },
 "env": {
  "jax": "0.10.1",
  "jaxlib": "0.10.1",
  "backend": "gpu",
  "device": "gpu:NVIDIA GeForce RTX 4080 SUPER",
  "interpreter": "/mnt/c/Users/Jason/Desktop/Eridos/Oscillator_Reservoir_Program/.venv/bin/python",
  "python": "3.12.3",
  "jax_enable_x64": true,
  "JAX_PLATFORMS": "<default>",
  "CUDA_VISIBLE_DEVICES": "<unset>"
 }
}