{
 "gate": "relay-gate2",
 "stage": "1-cpu-sandbox",
 "H": 10,
 "all_pass": true,
 "framing": "Compound span 1.5*H is an INFORMATION-PATH claim (H successive square-law demodulations end-to-end), NOT one physical spectrum; each repeater re-injects into a fresh span-1.5 network. Depth extension H=5->10; the insertion loss rho_2 is EXCLUDED from the trend statistic by pre-registration (a known one-time cost). No new chain-vs-direct claim; committed b0f7664 floors cited.",
 "checks": {
  "check0_seed_scheme": {
   "pass": true,
   "report": {
    "ok": true,
    "seed_max": 9,
    "families": {
     "build": [
      0,
      909
     ],
     "enc": [
      5000,
      5909
     ],
     "rep": [
      9000,
      9909
     ],
     "carrier_arg": [
      2000,
      2809
     ],
     "carrier_rademacher": [
      1777,
      3586
     ],
     "msg": [
      1000,
      1009
     ],
     "decoy_bases": {
      "1": 40000,
      "2": 60000,
      "3": 100000,
      "4": 120000,
      "5": 140000,
      "6": 160000,
      "7": 180000,
      "8": 200000,
      "9": 220000,
      "10": 240000
     },
     "e2e_decoy_base": 80000,
     "N_DEC": 60
    },
    "collisions": {
     "net_drive_vs_decoy": [],
     "net_drive_vs_msg": [],
     "msg_vs_decoy": [],
     "decoy_pairwise_overlaps": {}
    }
   }
  },
  "check1_wiring": {
   "pass": true,
   "n_hops": 10,
   "n_reps": 9,
   "r2_cum": [
    1.0,
    0.9979360633218798,
    0.9979360633218798,
    0.9979360633218798,
    0.9979360633218798,
    0.9979360633218798,
    0.9979360633218798,
    0.9979360633218798,
    0.9979360633218798,
    0.9979360633218798
   ]
  },
  "check2_schema": {
   "pass": true
  },
  "check3_intersection": {
   "pass": true,
   "intersection": [
    0,
    2
   ]
  },
  "check4_prefix_bridge": {
   "pass": true,
   "reference_present": true,
   "seed0": [
    0.98147,
    0.962334,
    0.931043,
    0.896005,
    0.842353
   ]
  },
  "check5_losslaw": {
   "pass": true,
   "A": {
    "k_start": 3,
    "rho_valid_min": 0.2,
    "valid_pairs": 40,
    "n_seed_slopes": 5,
    "rho_mean": 0.96,
    "rho_by_level": {
     "3": 0.96,
     "4": 0.96,
     "5": 0.96,
     "6": 0.9600000000000002,
     "7": 0.96,
     "8": 0.9599999999999997,
     "9": 0.9599999999999997,
     "10": 0.9599999999999997
    },
    "rho_level_n": {
     "3": 5,
     "4": 5,
     "5": 5,
     "6": 5,
     "7": 5,
     "8": 5,
     "9": 5,
     "10": 5
    },
    "classification": "A",
    "slope_mean": 5.932620885198571e-18,
    "slope_se": 0.0,
    "slope_thr": 0.01,
    "slope_eps": 0.01,
    "margin": 0.009999999999999995
   },
   "B": {
    "k_start": 3,
    "rho_valid_min": 0.2,
    "valid_pairs": 40,
    "n_seed_slopes": 5,
    "rho_mean": 0.9,
    "rho_by_level": {
     "3": 0.97,
     "4": 0.95,
     "5": 0.9299999999999999,
     "6": 0.9099999999999999,
     "7": 0.8900000000000002,
     "8": 0.8699999999999999,
     "9": 0.85,
     "10": 0.8299999999999998
    },
    "rho_level_n": {
     "3": 5,
     "4": 5,
     "5": 5,
     "6": 5,
     "7": 5,
     "8": 5,
     "9": 5,
     "10": 5
    },
    "classification": "B",
    "slope_mean": -0.01999999999999997,
    "slope_se": 0.0,
    "slope_thr": 0.01,
    "slope_eps": 0.01,
    "margin": -0.009999999999999969
   }
  },
  "check6_violation": {
   "pass": true,
   "e2e_collapse": -1.8017293913870671
  },
  "check7_decoy": {
   "pass": true,
   "diff_stage1": 0.0
  }
 }
}